0,1002300127,NALCS
1,240067,LCK
2,240080,LCK
3,240081,LCK
4,240086,LCK
5,240103,LCK
6,240140,LCK
7,240141,LCK
8,240145,LCK
9,240145,NACS
10,240162,LCK
11,240148,LCK
12,240148,NACS
13,1002100030,EULCS
14,1002100035,EULCS
15,250218,LCK
16,250218,TCL
17,250221,LCK
18,250224,LCK
19,250228,LCK
20,250245,LCK
21,1002100037,EULCS
22,1002100044,EULCS
23,1002090056,EULCS
24,1002090067,EULCS
25,1002090071,EULCS
26,1002090072,EULCS
27,1002090078,EULCS
28,1002200033,NALCS
29,1002200043,NALCS
30,1002200045,NALCS
31,1002200046,NALCS
32,1002200058,NALCS
33,1002200059,NALCS
34,1140145,LMS
35,1140156,LMS
36,1140161,LMS
37,1140169,LMS
38,1140170,LMS
39,250398,LCK
40,250398,EUCS
41,250411,LCK
42,250412,LCK
43,250438,LCK
44,250440,LCK
45,250447,LCK
46,1002090092,EULCS
47,1002090103,EULCS
48,1002100118,EULCS
49,1002100125,EULCS
50,1002210050,NALCS
51,1002210056,NALCS
52,1002210048,NALCS
53,1002210057,NALCS
54,1002210059,NALCS
55,1002210073,NALCS
56,1002210060,NALCS
57,1002210072,NALCS
58,1002210074,NALCS
59,1002210074,EULCS
60,250502,LCK
61,250503,LCK
62,250504,LCK
63,250523,LCK
64,1140260,LMS
65,1140262,LMS
66,1140265,LMS
67,1140280,LMS
68,1002200143,NALCS
69,1002200151,NALCS
70,1002210083,NALCS
71,1002210095,NALCS
72,1002210095,EULCS
73,1002210104,NALCS
74,210235,CBLoL
75,210243,CBLoL
76,210243,NACS
77,210245,CBLoL
78,210254,CBLoL
79,210324,CBLoL
80,210330,CBLoL
81,210303,CBLoL
82,210316,CBLoL
83,1002200152,NALCS
84,1002200158,NALCS
85,1002210106,NALCS
86,1002210113,NALCS
87,1002110010,EULCS
88,1002110025,EULCS
89,1002110028,EULCS
90,1002110037,EULCS
91,1002110038,EULCS
92,1002120024,EULCS
93,1002110055,EULCS
94,1002120040,EULCS
95,1002120046,EULCS
96,200039,NACS
97,200050,NACS
98,200035,NACS
99,200048,NACS
100,200036,NACS
101,200051,NACS
102,210095,NACS
103,210125,NACS
104,200078,NACS
105,200096,NACS
106,210143,NACS
107,210153,NACS
108,210154,NACS
109,1002120054,EULCS
110,1002120061,EULCS
111,1002120063,EULCS
112,1002110074,EULCS
113,1002110081,EULCS
114,250860,LCK
115,250883,LCK
116,250885,LCK
117,250898,LCK
118,250910,LCK
119,1002230060,NALCS
120,1002230068,NALCS
121,1002230071,NALCS
122,1002230054,NALCS
123,1002230069,NALCS
124,1002230070,NALCS
125,1002230073,NALCS
126,1002230084,NALCS
127,1002230086,NALCS
128,1002230072,NALCS
129,1002230083,NALCS
130,1002230085,NALCS
131,1002230017,NALCS
132,1002230029,NALCS
133,1002230029,EULCS
134,1002230030,NALCS
135,1002230030,EULCS
136,1002230037,NALCS
137,1002110084,EULCS
138,1002110098,EULCS
139,1002110099,EULCS
140,1002110105,EULCS
141,1002110106,EULCS
142,250969,LCK
143,250976,LCK
144,250977,LCK
145,250994,LCK
146,1140443,LMS
147,1140454,LMS
148,1140457,LMS
149,1140487,LMS
150,1140499,LMS
151,1140517,LMS
152,1140536,LMS
153,1140603,LMS
154,1140617,LMS
155,1140618,LMS
156,1140643,LMS
157,1140729,LMS
158,1140736,LMS
159,1140748,LMS
160,1140764,LMS
161,1002230097,NALCS
162,1002230109,NALCS
163,1002230091,NALCS
164,1002230107,NALCS
165,1002230112,NALCS
166,1002230114,NALCS
167,1002230124,NALCS
168,1002230129,NALCS
169,1002230118,NALCS
170,1002230128,NALCS
171,250594,LCK
172,250606,LCK
173,250609,LCK
174,250611,LCK
175,250619,LCK
176,250623,LCK
177,250653,LCK
178,250658,LCK
179,240667,LCK
180,240685,LCK
181,240691,LCK
182,250720,LCK
183,250725,LCK
184,250733,LCK
185,250740,LCK
186,250743,LCK
187,1140466,LMS
188,1140478,LMS
189,220074,CBLoL
190,230083,CBLoL
191,220085,CBLoL
192,230101,CBLoL
193,220134,CBLoL
194,230158,CBLoL
195,220141,CBLoL
196,230169,CBLoL
197,2017-211DAN GamingEDward Gaming,LPL
198,2017-212DAN GamingEDward Gaming,LPL
199,2017-211Team WEDAN Gaming,LPL
200,2017-212DAN GamingTeam WE,LPL
201,2017-211Snake EsportsEDward Gaming,LPL
202,2017-212EDward GamingSnake Esports,LPL
203,2017-211I MayInvictus Gaming,LPL
204,2017-212Invictus GamingI May,LPL
205,2017-213I MayInvictus Gaming,LPL
206,2017-211Invictus GamingTeam WE,LPL
207,2017-212Team WEInvictus Gaming,LPL
208,2017-213Team WEInvictus Gaming,LPL
209,2017-211JD GamingLGD Gaming,LPL
210,2017-212LGD GamingJD Gaming,LPL
211,2017-211OMGJD Gaming,LPL
212,2017-212OMGJD Gaming,LPL
213,2017-213OMGJD Gaming,LPL
214,2017-211OMGRoyal Never Give Up,LPL
215,2017-212OMGRoyal Never Give Up,LPL
216,2017-211Royal Never Give UpLGD Gaming,LPL
217,2017-212LGD GamingRoyal Never Give Up,LPL
218,2017-213Royal Never Give UpLGD Gaming,LPL
219,2017-211Suning GamingNewbee,LPL
220,2017-212NewbeeSuning Gaming,LPL
221,2017-213Suning GamingNewbee,LPL
222,270019,LCK
223,270042,LCK
224,270070,LCK
225,270074,LCK
226,210194,TCL
227,210196,TCL
228,210197,TCL
229,210206,TCL
230,210242,TCL
231,210242,NACS
232,210264,TCL
233,210269,TCL
234,210270,TCL
235,210277,TCL
236,210279,TCL
237,210297,TCL
238,210333,TCL
239,210342,TCL
240,210343,TCL
241,210353,TCL
242,220036,TCL
243,220042,TCL
244,220043,TCL
245,220047,TCL
246,220049,TCL
247,220066,TCL
248,220111,TCL
249,220112,TCL
250,220113,TCL
251,220122,TCL
252,230172,TCL
253,230181,TCL
254,230182,TCL
255,230192,TCL
256,230193,TCL
257,230199,TCL
258,260087,LCK
259,260104,LCK
260,260109,LCK
261,260140,LCK
262,260143,LCK
263,1002110115,EULCS
264,1002110139,EULCS
265,1002110141,EULCS
266,1002110157,EULCS
267,1002110158,EULCS
268,260168,LCK
269,260168,TCL
270,260172,LCK
271,260173,LCK
272,260173,EUCS
273,260176,LCK
274,260182,LCK
275,260182,EUCS
276,260185,LCK
277,210211,TCL
278,1002110160,EULCS
279,1002110172,EULCS
280,1002110175,EULCS
281,1002110177,EULCS
282,1002120118,EULCS
283,1002120119,EULCS
284,1002230134,NALCS
285,1002230144,NALCS
286,1002230145,NALCS
287,1002230151,NALCS
288,200209,NACS
289,210240,NACS
290,200212,NACS
291,200210,NACS
292,200233,NACS
293,200235,NACS
294,200245,NACS
295,200234,NACS
296,200236,NACS
297,200247,NACS
298,210290,NACS
299,210299,NACS
300,1002120120,EULCS
301,1002120131,EULCS
302,1002110199,EULCS
303,1002120138,EULCS
304,1002220136,NALCS
305,1002220162,NALCS
306,1002230158,NALCS
307,1002230171,NALCS
308,1002230179,NALCS
309,1002220172,NALCS
310,1002220186,NALCS
311,1002220197,NALCS
312,1002230185,NALCS
313,1002230190,NALCS
314,270350,LCK
315,270359,LCK
316,270376,LCK
317,270382,LCK
318,270417,LCK
319,270442,LCK
320,270446,LCK
321,270449,LCK
322,270459,LCK
323,1160150,LMS
324,1160151,LMS
325,1160157,LMS
326,1170212,LMS
327,1160184,LMS
328,1160194,LMS
329,1160263,LMS
330,1160280,LMS
331,1160300,LMS
332,1160336,LMS
333,1170370,LMS
334,1170392,LMS
335,1160401,LMS
336,1160433,LMS
337,1160435,LMS
338,210349,EUCS
339,200367,EUCS
340,210356,EUCS
341,200369,EUCS
342,210360,EUCS
343,210364,EUCS
344,1002230206,NALCS
345,1002230211,NALCS
346,1002230198,NALCS
347,1002230212,NALCS
348,1002230215,NALCS
349,1002230213,NALCS
350,1002230219,NALCS
351,1002230220,NALCS
352,1002230228,NALCS
353,1002230229,NALCS
354,2017-221I MayDAN Gaming,LPL
355,2017-222DAN GamingI May,LPL
356,2017-221Snake EsportsDAN Gaming,LPL
357,2017-222DAN GamingSnake Esports,LPL
358,2017-221Invictus GamingEDward Gaming,LPL
359,2017-222EDward GamingInvictus Gaming,LPL
360,2017-221I MayEDward Gaming,LPL
361,2017-222I MayEDward Gaming,LPL
362,2017-221NewbeeJD Gaming,LPL
363,2017-222JD GamingNewbee,LPL
364,2017-223NewbeeJD Gaming,LPL
365,2017-221Suning GamingJD Gaming,LPL
366,2017-222JD GamingSuning Gaming,LPL
367,2017-223Suning GamingJD Gaming,LPL
368,2017-221OMGLGD Gaming,LPL
369,2017-222OMGLGD Gaming,LPL
370,2017-221OMGSuning Gaming,LPL
371,2017-222Suning GamingOMG,LPL
372,2017-223OMGSuning Gaming,LPL
373,2017-221Royal Never Give UpNewbee,LPL
374,2017-222NewbeeRoyal Never Give Up,LPL
375,2017-223NewbeeRoyal Never Give Up,LPL
376,2017-221Team WESnake Esports,LPL
377,2017-222Snake EsportsTeam WE,LPL
378,2017-223Team WESnake Esports,LPL
379,220321,CBLoL
380,230367,CBLoL
381,230376,CBLoL
382,230383,CBLoL
383,220413,CBLoL
384,220423,CBLoL
385,220436,CBLoL
386,220284,TCL
387,220286,TCL
388,220287,TCL
389,220295,TCL
390,220301,TCL
391,220316,TCL
392,220370,TCL
393,220372,TCL
394,220380,TCL
395,220383,TCL
396,220384,TCL
397,220403,TCL
398,220445,TCL
399,220447,TCL
400,220450,TCL
401,220457,TCL
402,270554,LCK
403,270556,LCK
404,270558,LCK
405,270577,LCK
406,270615,LCK
407,270619,LCK
408,270644,LCK
409,270653,LCK
410,1002230191,NALCS
411,1002140025,EULCS
412,1002140019,EULCS
413,1002140009,EULCS
414,1002140016,EULCS
415,1002140017,EULCS
416,230469,CBLoL
417,220028,NACS
418,220037,NACS
419,230043,NACS
420,230055,NACS
421,230058,NACS
422,230049,NACS
423,230056,NACS
424,220119,NACS
425,220121,NACS
426,220128,NACS
427,230125,NACS
428,230129,NACS
429,230141,NACS
430,220129,NACS
431,230145,NACS
432,230153,NACS
433,1002130022,EULCS
434,1002130034,EULCS
435,1002130036,EULCS
436,270684,LCK
437,270696,LCK
438,270700,LCK
439,270733,LCK
440,1002140038,EULCS
441,1002130044,EULCS
442,1002130046,EULCS
443,1002140057,EULCS
444,1002140072,EULCS
445,1002140074,EULCS
446,1002140082,EULCS
447,1002240015,NALCS
448,1002240025,NALCS
449,1002240026,NALCS
450,1002240032,NALCS
451,260940,LCK
452,260946,LCK
453,260972,LCK
454,260993,LCK
455,1002250061,NALCS
456,1002250075,NALCS
457,1002250060,NALCS
458,1002250076,NALCS
459,1002250079,NALCS
460,1002250078,NALCS
461,1002250085,NALCS
462,1002250084,NALCS
463,1002250091,NALCS
464,1002250093,NALCS
465,270945,LCK
466,270962,LCK
467,270965,LCK
468,270966,LCK
469,270974,LCK
470,270975,LCK
471,220359,EUCS
472,220373,EUCS
473,220360,EUCS
474,230372,EUCS
475,220377,EUCS
476,220394,EUCS
477,1002240092,NALCS
478,1002240106,NALCS
479,1002250105,NALCS
480,1002250131,NALCS
481,1002250137,NALCS
482,1002240107,NALCS
483,1002240116,NALCS
484,1002240121,NALCS
485,1002250138,NALCS
486,1002250146,NALCS
487,1002250147,NALCS
488,1160463,LMS
489,1170479,LMS
490,1170500,LMS
491,1160530,LMS
492,1160604,LMS
493,1160616,LMS
494,1160629,LMS
495,1160634,LMS
496,1160635,LMS
497,1170651,LMS
498,1160673,LMS
499,1170656,LMS
500,1170657,LMS
501,1170660,LMS
502,1160688,LMS
503,250053,CBLoL
504,250057,CBLoL
505,250061,CBLoL
506,240082,CBLoL
507,240118,CBLoL
508,250088,CBLoL
509,240129,CBLoL
510,240135,CBLoL
511,2017-231Invictus GamingDAN Gaming,LPL
512,2017-232DAN GamingInvictus Gaming,LPL
513,2017-231EDward GamingTeam WE,LPL
514,2017-232Team WEEDward Gaming,LPL
515,2017-233Team WEEDward Gaming,LPL
516,2017-231Snake EsportsI May,LPL
517,2017-232I MaySnake Esports,LPL
518,2017-233Snake EsportsI May,LPL
519,2017-231I MayTeam WE,LPL
520,2017-232Team WEI May,LPL
521,2017-231Royal Never Give UpJD Gaming,LPL
522,2017-232JD GamingRoyal Never Give Up,LPL
523,2017-231LGD GamingNewbee,LPL
524,2017-232NewbeeLGD Gaming,LPL
525,2017-233LGD GamingNewbee,LPL
526,2017-231OMGNewbee,LPL
527,2017-232NewbeeOMG,LPL
528,2017-231LGD GamingSuning Gaming,LPL
529,2017-232Suning GamingLGD Gaming,LPL
530,2017-233LGD GamingSuning Gaming,LPL
531,2017-231Royal Never Give UpSuning Gaming,LPL
532,2017-232Suning GamingRoyal Never Give Up,LPL
533,2017-233Royal Never Give UpSuning Gaming,LPL
534,2017-231Invictus GamingSnake Esports,LPL
535,2017-232Snake EsportsInvictus Gaming,LPL
536,290038,LCK
537,290038,NALCS
538,290047,LCK
539,290052,LCK
540,290056,LCK
541,290077,LCK
542,290083,LCK
543,280133,LCK
544,280138,LCK
545,280143,LCK
546,280155,LCK
547,280155,TCL
548,280164,LCK
549,280202,LCK
550,280219,LCK
551,280255,LCK
552,280273,LCK
553,280283,LCK
554,1002140086,EULCS
555,1002140100,EULCS
556,1002140101,EULCS
557,1002140111,EULCS
558,220469,NACS
559,220473,NACS
560,230449,NACS
561,230451,NACS
562,220470,NACS
563,220471,NACS
564,220507,NACS
565,220527,NACS
566,230497,NACS
567,230506,NACS
568,220538,NACS
569,220544,NACS
570,220546,NACS
571,1002140116,EULCS
572,1002130124,EULCS
573,1002130126,EULCS
574,1002130137,EULCS
575,1002140143,EULCS
576,1002140161,EULCS
577,1002140163,EULCS
578,1002140171,EULCS
579,1002140173,EULCS
580,280419,LCK
581,280425,LCK
582,280426,LCK
583,280436,LCK
584,280441,LCK
585,1180108,LMS
586,1180113,LMS
587,1180116,LMS
588,1180137,LMS
589,1180142,LMS
590,1190179,LMS
591,1190193,LMS
592,1190220,LMS
593,1190256,LMS
594,240233,CBLoL
595,250219,CBLoL
596,250227,CBLoL
597,250235,CBLoL
598,250186,TCL
599,1002250185,NALCS
600,1002250199,NALCS
601,1002250188,NALCS
602,1002250198,NALCS
603,1002250200,NALCS
604,1002250201,NALCS
605,1002250215,NALCS
606,1002250218,NALCS
607,1002250212,NALCS
608,1002250217,NALCS
609,1002250219,NALCS
610,1002250154,NALCS
611,1002250161,NALCS
612,1002250163,NALCS
613,1002250164,NALCS
614,1002250170,NALCS
615,1002250171,NALCS
616,1002240222,NALCS
617,1002240234,NALCS
618,1002240236,NALCS
619,1002240228,NALCS
620,1002240235,NALCS
621,1002240237,NALCS
622,1002240238,NALCS
623,1002240249,NALCS
624,1002240251,NALCS
625,1002240239,NALCS
626,1002240250,NALCS
627,280519,LCK
628,280522,LCK
629,280523,LCK
630,280524,LCK
631,280539,LCK
632,250307,CBLoL
633,240300,CBLoL
634,240288,CBLoL
635,240292,CBLoL
636,250191,TCL
637,250197,TCL
638,250205,TCL
639,2017-241DAN GamingOMG,LPL
640,2017-242DAN GamingOMG,LPL
641,2017-243OMGDAN Gaming,LPL
642,2017-241DAN GamingRoyal Never Give Up,LPL
643,2017-242DAN GamingRoyal Never Give Up,LPL
644,2017-241NewbeeI May,LPL
645,2017-242NewbeeI May,LPL
646,2017-241Invictus GamingJD Gaming,LPL
647,2017-242JD GamingInvictus Gaming,LPL
648,2017-243Invictus GamingJD Gaming,LPL
649,2017-241Suning GamingInvictus Gaming,LPL
650,2017-242Invictus GamingSuning Gaming,LPL
651,2017-243Suning GamingInvictus Gaming,LPL
652,2017-241JD GamingSnake Esports,LPL
653,2017-242JD GamingSnake Esports,LPL
654,2017-241Team WELGD Gaming,LPL
655,2017-242LGD GamingTeam WE,LPL
656,2017-243Team WELGD Gaming,LPL
657,2017-241EDward GamingRoyal Never Give Up,LPL
658,2017-242EDward GamingRoyal Never Give Up,LPL
659,2017-241NewbeeTeam WE,LPL
660,2017-242Team WENewbee,LPL
661,2017-243NewbeeTeam WE,LPL
662,220705,EUCS
663,220722,EUCS
664,220723,EUCS
665,220728,EUCS
666,220729,EUCS
667,220740,EUCS
668,250250,TCL
669,250257,TCL
670,250267,TCL
671,250268,TCL
672,250269,TCL
673,250291,TCL
674,250326,TCL
675,250330,TCL
676,250331,TCL
677,250337,TCL
678,1002150053,RRNAEU
679,1002150063,RRNAEU
680,1002150070,RRNAEU
681,1002150077,RRNAEU
682,250190,TCL
683,1002150081,RRNAEU
684,1002150086,RRNAEU
685,1002150090,RRNAEU
686,1002150105,RRNAEU
687,1002150113,RRNAEU
688,1002150123,RRNAEU
689,1002150130,RRNAEU
690,1002150141,RRNAEU
691,1002160128,RRNAEU
692,1002160139,RRNAEU
693,1002160146,RRNAEU
694,1002160161,RRNAEU
695,1002160165,RRNAEU
696,1002160173,RRNAEU
697,180113,RRAsia
698,180121,RRAsia
699,180136,RRAsia
700,180146,RRAsia
701,180149,RRAsia
702,190168,RRAsia
703,180172,RRAsia
704,180183,RRAsia
705,180185,RRAsia
706,180194,RRAsia
707,180203,RRAsia
708,180217,RRAsia
709,1002160182,RRNAEU
710,1002160193,RRNAEU
711,1002160194,RRNAEU
712,190242,RRAsia
713,190253,RRAsia
714,180239,RRAsia
715,180254,RRAsia
716,180246,RRAsia
717,190293,RRAsia
718,180272,RRAsia
719,180280,RRAsia
720,180290,RRAsia
721,260146,EUCS
722,260171,EUCS
723,260181,EUCS
724,260191,EUCS
725,310053,LCK
726,310060,LCK
727,310066,LCK
728,310080,LCK
729,310088,LCK
730,310123,LCK
731,310129,LCK
732,310132,LCK
733,310138,LCK
734,310156,LCK
735,310159,LCK
736,300143,LCK
737,300165,LCK
738,300189,LCK
739,300195,LCK
740,1002150204,EULCS
741,1002150210,EULCS
742,1002150212,EULCS
743,1002160231,EULCS
744,1002160237,EULCS
745,240107,NACS
746,240115,NACS
747,240108,NACS
748,240114,NACS
749,240116,NACS
750,280561,NACS
751,280567,NACS
752,240130,NACS
753,240146,NACS
754,250166,NACS
755,250181,NACS
756,1002150223,EULCS
757,1002160254,EULCS
758,1002160255,EULCS
759,1002160264,EULCS
760,1002160265,EULCS
761,1002260026,NALCS
762,1002260026,EULCS
763,1002260029,NALCS
764,1002260033,NALCS
765,1002260042,NALCS
766,1002150241,EULCS
767,1002150250,EULCS
768,1002160287,EULCS
769,1002150252,EULCS
770,1002160296,EULCS
771,300326,LCK
772,300361,LCK
773,300367,LCK
774,300389,LCK
775,1002270033,NALCS
776,1002270049,NALCS
777,1002270036,NALCS
778,1002270050,NALCS
779,1002270052,NALCS
780,1002270063,NALCS
781,1002270053,NALCS
782,1002270064,NALCS
783,1200060,LMS
784,1200069,LMS
785,1200070,LMS
786,1200091,LMS
787,1200129,LMS
788,1200135,LMS
789,1200137,LMS
790,1200138,LMS
791,1200151,LMS
792,1210149,LMS
793,1210163,LMS
794,310520,LCK
795,310535,LCK
796,310537,LCK
797,310555,LCK
798,310560,LCK
799,1002270069,NALCS
800,1002270094,NALCS
801,1002270097,NALCS
802,1002270070,NALCS
803,1002270093,NALCS
804,1002270095,NALCS
805,1002270104,NALCS
806,1002270122,NALCS
807,1002270098,NALCS
808,1002270118,NALCS
809,1002270124,NALCS
810,240326,EUCS
811,240339,EUCS
812,250375,EUCS
813,240359,EUCS
814,250387,EUCS
815,260205,CBLoL
816,260206,CBLoL
817,260222,CBLoL
818,270176,CBLoL
819,260279,CBLoL
820,270244,CBLoL
821,260285,CBLoL
822,270254,CBLoL
823,260144,TCL
824,260156,TCL
825,260157,TCL
826,260169,TCL
827,260184,TCL
828,260245,TCL
829,260249,TCL
830,260250,TCL
831,260258,TCL
832,260259,TCL
833,270228,TCL
834,270258,TCL
835,270265,TCL
836,270271,TCL
837,270272,TCL
838,2017-251LGD GamingDAN Gaming,LPL
839,2017-252DAN GamingLGD Gaming,LPL
840,2017-253LGD GamingDAN Gaming,LPL
841,2017-251DAN GamingSuning Gaming,LPL
842,2017-252Suning GamingDAN Gaming,LPL
843,2017-253DAN GamingSuning Gaming,LPL
844,2017-251EDward GamingNewbee,LPL
845,2017-252NewbeeEDward Gaming,LPL
846,2017-251JD GamingI May,LPL
847,2017-252I MayJD Gaming,LPL
848,2017-253JD GamingI May,LPL
849,2017-251I MayLGD Gaming,LPL
850,2017-252LGD GamingI May,LPL
851,2017-251Royal Never Give UpInvictus Gaming,LPL
852,2017-252Invictus GamingRoyal Never Give Up,LPL
853,2017-253Royal Never Give UpInvictus Gaming,LPL
854,2017-251Team WEJD Gaming,LPL
855,2017-252JD GamingTeam WE,LPL
856,2017-251EDward GamingOMG,LPL
857,2017-252OMGEDward Gaming,LPL
858,2017-251Snake EsportsNewbee,LPL
859,2017-252NewbeeSnake Esports,LPL
860,2017-253Snake EsportsNewbee,LPL
861,300584,LCK
862,300584,CBLoL
863,300604,LCK
864,300614,LCK
865,300637,LCK
866,300650,LCK
867,310752,LCK
868,310759,LCK
869,310762,LCK
870,310782,LCK
871,260099,NACS
872,260100,NACS
873,270072,NACS
874,1002170018,EULCS
875,1002180034,EULCS
876,1002180035,EULCS
877,1002180036,EULCS
878,1002180043,EULCS
879,1002180044,EULCS
880,1002290032,NACS
881,1002290039,NACS
882,1002290040,NACS
883,1002290041,NACS
884,1002290043,NACS
885,300758,LCK
886,300762,LCK
887,300766,LCK
888,300787,LCK
889,300911,LCK
890,300943,LCK
891,300947,LCK
892,300959,LCK
893,300975,LCK
894,301031,LCK
895,301039,LCK
896,301041,LCK
897,301044,LCK
898,301056,LCK
899,1002180047,EULCS
900,1002180056,EULCS
901,1002180058,EULCS
902,1002180063,EULCS
903,1002180065,EULCS
904,1002180077,EULCS
905,1002180078,EULCS
906,1002180080,EULCS
907,1002180086,EULCS
908,1002180087,EULCS
909,1002180094,EULCS
910,1002180104,EULCS
911,1002170091,EULCS
912,1002290049,NALCS
913,1002290059,NALCS
914,1002290061,NALCS
915,1002290063,NALCS
916,1002290069,NALCS
917,1002290071,NALCS
918,1002280080,NALCS
919,1002280092,NALCS
920,1002290082,NALCS
921,1002290102,NALCS
922,1002280104,NALCS
923,1002280115,NALCS
924,1002280116,NALCS
925,1002290106,NALCS
926,1002290119,NALCS
927,1002280130,NALCS
928,1002280142,NALCS
929,1002280147,NALCS
930,1002290126,NALCS
931,1002290142,NALCS
932,1002290152,NALCS
933,1002280149,NALCS
934,1002280165,NALCS
935,1002280167,NALCS
936,1002290156,NALCS
937,1002290169,NALCS
938,1002290172,NALCS
939,1210268,LMS
940,1210277,LMS
941,1210278,LMS
942,1210296,LMS
943,1210319,LMS
944,1200332,LMS
945,1200333,LMS
946,1200334,LMS
947,1200350,LMS
948,1210374,LMS
949,1200391,LMS
950,1200394,LMS
951,1200421,LMS
952,1210435,LMS
953,1210446,LMS
954,1210447,LMS
955,1210449,LMS
956,1210466,LMS
957,1210467,LMS
958,280092,CBLoL
959,290096,CBLoL
960,290108,CBLoL
961,290111,CBLoL
962,290160,CBLoL
963,280186,CBLoL
964,290177,CBLoL
965,290184,CBLoL
966,280053,TCL
967,280065,TCL
968,280066,TCL
969,280078,TCL
970,280079,TCL
971,280095,TCL
972,280136,TCL
973,280142,TCL
974,280149,TCL
975,280154,TCL
976,280176,TCL
977,280212,TCL
978,280214,TCL
979,280224,TCL
980,280225,TCL
981,2017-261Royal Never Give UpI May,LPL
982,2017-262I MayRoyal Never Give Up,LPL
983,2017-263Royal Never Give UpI May,LPL
984,2017-261I MaySuning Gaming,LPL
985,2017-262Suning GamingI May,LPL
986,2017-261NewbeeInvictus Gaming,LPL
987,2017-262Invictus GamingNewbee,LPL
988,2017-261DAN GamingJD Gaming,LPL
989,2017-262JD GamingDAN Gaming,LPL
990,2017-261EDward GamingJD Gaming,LPL
991,2017-262JD GamingEDward Gaming,LPL
992,2017-261Snake EsportsLGD Gaming,LPL
993,2017-262LGD GamingSnake Esports,LPL
994,2017-263Snake EsportsLGD Gaming,LPL
995,2017-261OMGSnake Esports,LPL
996,2017-262Snake EsportsOMG,LPL
997,2017-261EDward GamingSuning Gaming,LPL
998,2017-262Suning GamingEDward Gaming,LPL
999,2017-261OMGTeam WE,LPL
1000,2017-262Team WEOMG,LPL
1001,320036,LCK
1002,320046,LCK
1003,320047,LCK
1004,320051,LCK
1005,320062,LCK
1006,330110,LCK
1007,330112,LCK
1008,330115,LCK
1009,330118,LCK
1010,330140,LCK
1011,320173,LCK
1012,320181,LCK
1013,320200,LCK
1014,320214,LCK
1015,320219,LCK
1016,1250075,LMS
1017,1250094,LMS
1018,1250106,LMS
1019,1250120,LMS
1020,1250134,LMS
1021,1002180118,EULCS
1022,1002170108,EULCS
1023,1002170109,EULCS
1024,1002180137,EULCS
1025,1002280185,NACS
1026,1002280189,NACS
1027,1002280190,NACS
1028,1002280191,NACS
1029,1240139,LMS
1030,1240142,LMS
1031,1240144,LMS
1032,1240159,LMS
1033,1002180147,EULCS
1034,1002180151,EULCS
1035,1002180152,EULCS
1036,1002180163,EULCS
1037,320256,LCK
1038,320274,LCK
1039,320291,LCK
1040,320295,LCK
1041,320322,LCK
1042,1002280198,NALCS
1043,1002280202,NALCS
1044,1002280203,NALCS
1045,1002280212,NALCS
1046,1002170138,EULCS
1047,1002170151,EULCS
1048,1002180189,EULCS
1049,1002170158,EULCS
1050,1002170159,EULCS
1051,1240233,LMS
1052,1240256,LMS
1053,1002280238,NALCS
1054,1002280257,NALCS
1055,1002290216,NALCS
1056,1002290233,NALCS
1057,1002280262,NALCS
1058,1002280270,NALCS
1059,1002280274,NALCS
1060,1002290236,NALCS
1061,1002290251,NALCS
1062,1002290254,NALCS
1063,1002290272,NALCS
1064,1002290283,NALCS
1065,1002290263,NALCS
1066,1002290282,NALCS
1067,1002290287,NALCS
1068,1002290285,NALCS
1069,1002290304,NALCS
1070,1002290308,NALCS
1071,1002290294,NALCS
1072,1002290306,NALCS
1073,1002290310,NALCS
1074,330491,LCK
1075,330501,LCK
1076,330503,LCK
1077,330506,LCK
1078,330516,LCK
1079,2017-271NewbeeDAN Gaming,LPL
1080,2017-272DAN GamingNewbee,LPL
1081,2017-273NewbeeDAN Gaming,LPL
1082,2017-271I MayOMG,LPL
1083,2017-272OMGI May,LPL
1084,2017-271Invictus GamingLGD Gaming,LPL
1085,2017-272LGD GamingInvictus Gaming,LPL
1086,2017-271OMGInvictus Gaming,LPL
1087,2017-272Invictus GamingOMG,LPL
1088,2017-273OMGInvictus Gaming,LPL
1089,2017-271LGD GamingEDward Gaming,LPL
1090,2017-272LGD GamingEDward Gaming,LPL
1091,2017-271Snake EsportsRoyal Never Give Up,LPL
1092,2017-272Snake EsportsRoyal Never Give Up,LPL
1093,2017-271Suning GamingSnake Esports,LPL
1094,2017-272Snake EsportsSuning Gaming,LPL
1095,2017-273Suning GamingSnake Esports,LPL
1096,2017-271Team WERoyal Never Give Up,LPL
1097,2017-272Royal Never Give UpTeam WE,LPL
1098,2017-271Team WESuning Gaming,LPL
1099,2017-272Suning GamingTeam WE,LPL
1100,1001880021,EUCS
1101,1001880027,EUCS
1102,1001880028,EUCS
1103,290350,TCL
1104,290359,TCL
1105,290366,TCL
1106,290367,TCL
1107,290377,TCL
1108,290378,TCL
1109,290407,TCL
1110,290411,TCL
1111,290412,TCL
1112,290417,TCL
1113,290418,TCL
1114,290428,TCL
1115,290436,TCL
1116,290449,TCL
1117,290450,TCL
1118,290460,TCL
1119,330629,LCK
1120,330639,LCK
1121,330640,LCK
1122,330651,LCK
1123,330653,LCK
1124,330681,LCK
1125,330688,LCK
1126,330696,LCK
1127,330708,LCK
1128,330717,LCK
1129,1250501,LMS
1130,1240466,LMS
1131,1240473,LMS
1132,330758,LCK
1133,330780,LCK
1134,330792,LCK
1135,330800,LCK
1136,330829,LCK
1137,330835,LCK
1138,1240505,LMS
1139,1240520,LMS
1140,1240521,LMS
1141,1240528,LMS
1142,1240548,LMS
1143,1002190008,EULCS
1144,1002190017,EULCS
1145,1002190020,EULCS
1146,1002190031,EULCS
1147,1002190045,EULCS
1148,1002200070,EULCS
1149,1240613,LMS
1150,1240621,LMS
1151,1240624,LMS
1152,1240630,LMS
1153,1240638,LMS
1154,1240639,LMS
1155,1002200073,EULCS
1156,1002190062,EULCS
1157,1002190068,EULCS
1158,1002200097,EULCS
1159,1002190075,EULCS
1160,1002190078,EULCS
1161,1002200103,EULCS
1162,1002300005,NALCS
1163,1002300021,NALCS
1164,1002300025,NALCS
1165,1002300032,NALCS
1166,1002300033,NALCS
1167,1002310040,NALCS
1168,1002310068,NALCS
1169,1002300037,NALCS
1170,1002300057,NALCS
1171,1002310075,NALCS
1172,1002310087,NALCS
1173,1002300061,NALCS
1174,1002300083,NALCS
1175,1002300085,NALCS
1176,1250802,LMS
1177,1250829,LMS
1178,1250849,LMS
1179,1250860,LMS
1180,330942,LCK
1181,330962,LCK
1182,330964,LCK
1183,330987,LCK
1184,1002310093,NALCS
1185,1002310121,NALCS
1186,1002300091,NALCS
1187,1002300117,NALCS
1188,1002310123,NALCS
1189,1002310131,NALCS
1190,1002300132,NALCS
1191,1002300146,NALCS
1192,1250944,LMS
1193,1250953,LMS
1194,1250955,LMS
1195,1250972,LMS
1196,1250979,LMS
1197,1250986,LMS
1198,331041,LCK
1199,331046,LCK
1200,331047,LCK
1201,331049,LCK
1202,331064,LCK
1203,2017-281DAN GamingSnake Esports,LPL
1204,2017-282Snake EsportsDAN Gaming,LPL
1205,2017-283DAN GamingSnake Esports,LPL
1206,2017-281DAN GamingI May,LPL
1207,2017-282I MayDAN Gaming,LPL
1208,2017-281EDward GamingI May,LPL
1209,2017-282EDward GamingI May,LPL
1210,2017-281Snake EsportsInvictus Gaming,LPL
1211,2017-282Invictus GamingSnake Esports,LPL
1212,2017-281Invictus GamingTeam WE,LPL
1213,2017-282Team WEInvictus Gaming,LPL
1214,2017-281JD GamingNewbee,LPL
1215,2017-282NewbeeJD Gaming,LPL
1216,2017-283JD GamingNewbee,LPL
1217,2017-281JD GamingRoyal Never Give Up,LPL
1218,2017-282Royal Never Give UpJD Gaming,LPL
1219,2017-281Suning GamingLGD Gaming,LPL
1220,2017-282LGD GamingSuning Gaming,LPL
1221,2017-281NewbeeOMG,LPL
1222,2017-282OMGNewbee,LPL
1223,2017-281Suning GamingRoyal Never Give Up,LPL
1224,2017-282Royal Never Give UpSuning Gaming,LPL
1225,310035,TCL
1226,310046,TCL
1227,310048,TCL
1228,310049,TCL
1229,310077,TCL
1230,310087,TCL
1231,310089,TCL
1232,310090,TCL
1233,310092,TCL
1234,310097,TCL
1235,310112,TCL
1236,310113,TCL
1237,1001880051,EUCS
1238,1001890036,EUCS
1239,1001890039,EUCS
1240,1001890040,EUCS
1241,1002200106,EULCS
1242,1002200131,EULCS
1243,1002200135,EULCS
1244,1002200137,EULCS
1245,1002200148,EULCS
1246,1002190117,EULCS
1247,1002190125,EULCS
1248,1002190130,EULCS
1249,1002190137,EULCS
1250,1002300163,NAPR
1251,1002300169,NAPR
1252,1002300170,NAPR
1253,1002310165,NAPR
1254,1002310173,NAPR
1255,1002310175,NAPR
1256,1002310177,NAPR
1257,1002310179,NAPR
1258,310157,TCL
1259,310163,TCL
1260,310164,TCL
1261,310193,TCL
1262,310194,TCL
1263,310195,TCL
1264,300167,TCL
1265,310275,TCL
1266,310276,TCL
1267,310277,TCL
1268,310300,TCL
1269,310302,TCL
1270,310303,TCL
1271,310305,TCL
1272,1002310205,NAPR
1273,1002310213,NAPR
1274,1002310217,NAPR
1275,1002310220,NAPR
1276,1002310222,NAPR
1277,1002300192,NAPR
1278,1002300200,NAPR
1279,1002300201,NAPR
1280,1002310233,NAPR
1281,1002310239,NAPR
1282,1002310243,NAPR
1283,340187,LCK
1284,340193,LCK
1285,1002200192,EULCS
1286,1002200199,EULCS
1287,1002200214,EULCS
1288,1002200221,EULCS
1289,1002200222,EULCS
1290,2017-291DAN GamingEDward Gaming,LPL
1291,2017-292DAN GamingEDward Gaming,LPL
1292,2017-291DAN GamingTeam WE,LPL
1293,2017-292Team WEDAN Gaming,LPL
1294,2017-291Snake EsportsEDward Gaming,LPL
1295,2017-292Snake EsportsEDward Gaming,LPL
1296,2017-293Snake EsportsEDward Gaming,LPL
1297,2017-291I MayTeam WE,LPL
1298,2017-292Team WEI May,LPL
1299,2017-293Team WEI May,LPL
1300,2017-291Invictus GamingI May,LPL
1301,2017-292I MayInvictus Gaming,LPL
1302,2017-291JD GamingLGD Gaming,LPL
1303,2017-292JD GamingLGD Gaming,LPL
1304,2017-291LGD GamingNewbee,LPL
1305,2017-292LGD GamingNewbee,LPL
1306,2017-291OMGRoyal Never Give Up,LPL
1307,2017-292Royal Never Give UpOMG,LPL
1308,2017-293OMGRoyal Never Give Up,LPL
1309,2017-291Suning GamingOMG,LPL
1310,2017-292OMGSuning Gaming,LPL
1311,2017-293Suning GamingOMG,LPL
1312,2017-291NewbeeSuning Gaming,LPL
1313,2017-292Suning GamingNewbee,LPL
1314,1002320007,NALCS
1315,1002320020,NALCS
1316,1002320022,NALCS
1317,1002320023,NALCS
1318,1002330048,NALCS
1319,1002330054,NALCS
1320,1002330056,NALCS
1321,1002330059,NALCS
1322,1002330061,NALCS
1323,1002210055,EULCS
1324,1002210070,EULCS
1325,1002210076,EULCS
1326,1002210092,EULCS
1327,1002210093,EULCS
1328,1002210096,EULCS
1329,1002210034,EUPR
1330,1002210035,EUPR
1331,1002210038,EUPR
1332,1002210039,EUPR
1333,1002210040,EUPR
1334,1002220027,EUPR
1335,1002220036,EUPR
1336,1002220037,EUPR
1337,1002220038,EUPR
1338,350410,LCK
1339,350445,LCK
1340,350449,LCK
1341,340800,LCK
1342,340832,LCK
1343,340852,LCK
1344,340860,LCK
1345,340867,LCK
1346,1290009,LMS
1347,1290018,LMS
1348,1290019,LMS
1349,1290020,LMS
1350,1290024,LMS
1351,1280050,LMS
1352,1280053,LMS
1353,1280054,LMS
1354,1280057,LMS
1355,300266,CBLoL
1356,310214,CBLoL
1357,300276,CBLoL
1358,300279,CBLoL
1359,300317,CBLoL
1360,310252,CBLoL
1361,300323,CBLoL
1362,310256,CBLoL
1363,300325,CBLoL
1364,160037,TCL
1365,160047,TCL
1366,160048,TCL
1367,2017-2101Snake EsportsI May,LPL
1368,2017-2102I MaySnake Esports,LPL
1369,2017-2103Snake EsportsI May,LPL
1370,2017-2101DAN GamingInvictus Gaming,LPL
1371,2017-2102Invictus GamingDAN Gaming,LPL
1372,2017-2103DAN GamingInvictus Gaming,LPL
1373,2017-2101Invictus GamingEDward Gaming,LPL
1374,2017-2102Invictus GamingEDward Gaming,LPL
1375,2017-2101JD GamingOMG,LPL
1376,2017-2102OMGJD Gaming,LPL
1377,2017-2101JD GamingSuning Gaming,LPL
1378,2017-2102Suning GamingJD Gaming,LPL
1379,2017-2101Royal Never Give UpLGD Gaming,LPL
1380,2017-2102Royal Never Give UpLGD Gaming,LPL
1381,2017-2101OMGLGD Gaming,LPL
1382,2017-2102OMGLGD Gaming,LPL
1383,2017-2103OMGLGD Gaming,LPL
1384,2017-2101NewbeeRoyal Never Give Up,LPL
1385,2017-2102NewbeeRoyal Never Give Up,LPL
1386,2017-2101Team WEEDward Gaming,LPL
1387,2017-2102Team WEEDward Gaming,LPL
1388,2017-2103Team WEEDward Gaming,LPL
1389,2017-2101Snake EsportsTeam WE,LPL
1390,2017-2102Team WESnake Esports,LPL
1391,2017-2103Team WESnake Esports,LPL
1392,1200208,LMS
1393,1200222,LMS
1394,1002220082,EUPR
1395,1002220102,EUPR
1396,1002220103,EUPR
1397,1002220104,EUPR
1398,1002220105,EUPR
1399,1002220107,EUPR
1400,1002220113,EUPR
1401,1002220114,EUPR
1402,240174,NACS
1403,1002220122,EUPR
1404,1002220128,EUPR
1405,1002220129,EUPR
1406,1290263,LMS
1407,1290291,LMS
1408,1290295,LMS
1409,341202,LCK
1410,341204,LCK
1411,341210,LCK
1412,351146,LCK
1413,1002210149,EULCS
1414,1002220154,EULCS
1415,1002220155,EULCS
1416,1002220156,EULCS
1417,1002330082,NALCS
1418,1002330086,NALCS
1419,1002330088,NALCS
1420,1002210159,EULCS
1421,1002210171,EULCS
1422,1002210172,EULCS
1423,1002330093,NALCS
1424,1002330108,NALCS
1425,1002330110,NALCS
1426,1002330112,NALCS
1427,351229,LCK
1428,351239,LCK
1429,351241,LCK
1430,351246,LCK
1431,351250,LCK
1432,1280409,LMS
1433,1280441,LMS
1434,1280444,LMS
1435,1280453,LMS
1436,1280484,LMS
1437,1280486,LMS
1438,1280487,LMS
1439,1280488,LMS
1440,1280489,LMS
1441,1280510,LMS
1442,1280511,LMS
1443,1280512,LMS
1444,351303,LCK
1445,351313,LCK
1446,351314,LCK
1447,351315,LCK
1448,351317,LCK
1449,351394,LCK
1450,351409,LCK
1451,351410,LCK
1452,1002230026,EULCS
1453,1002230027,EULCS
1454,1002230028,EULCS
1455,1002340073,NALCS
1456,1002340082,NALCS
1457,1002340084,NALCS
1458,2017-23RD1Team WEInvictus Gaming,LPL
1459,2017-23RD2Team WEInvictus Gaming,LPL
1460,2017-23RD3Team WEInvictus Gaming,LPL
1461,2017-23RD4Invictus GamingTeam WE,LPL
1462,2017-23RD5Team WEInvictus Gaming,LPL
1463,2017-2LS1EDward GamingRoyal Never Give Up,LPL
1464,2017-2poF2EDward GamingRoyal Never Give Up,LPL
1465,2017-2poF3Royal Never Give UpEDward Gaming,LPL
1466,2017-2poF4Royal Never Give UpEDward Gaming,LPL
1467,2017-2poF5EDward GamingRoyal Never Give Up,LPL
1468,2017-2poR11Suning GamingInvictus Gaming,LPL
1469,2017-2poR12Invictus GamingSuning Gaming,LPL
1470,2017-2poR11NewbeeSnake Esports,LPL
1471,2017-2poR12NewbeeSnake Esports,LPL
1472,2017-2poQF1Invictus GamingOMG,LPL
1473,2017-2poQF2Invictus GamingOMG,LPL
1474,2017-2poQF3Invictus GamingOMG,LPL
1475,2017-2poQF4OMGInvictus Gaming,LPL
1476,2017-2poQF1NewbeeTeam WE,LPL
1477,2017-2poQF2Team WENewbee,LPL
1478,2017-2poQF3Team WENewbee,LPL
1479,2017-2poSF1EDward GamingInvictus Gaming,LPL
1480,2017-2poSF2EDward GamingInvictus Gaming,LPL
1481,2017-2poSF3EDward GamingInvictus Gaming,LPL
1482,2017-2poSF4Invictus GamingEDward Gaming,LPL
1483,2017-2poSF5EDward GamingInvictus Gaming,LPL
1484,2017-2poSF1Team WERoyal Never Give Up,LPL
1485,2017-2poSF2Team WERoyal Never Give Up,LPL
1486,2017-2poSF3Royal Never Give UpTeam WE,LPL
1487,2017-2poSF4Royal Never Give UpTeam WE,LPL
1488,2017-2poSF5Royal Never Give UpTeam WE,LPL
1489,310493,CBLoL
1490,300586,CBLoL
1491,300587,CBLoL
1492,1002340100,NALCS
1493,1002340108,NALCS
1494,1002340110,NALCS
1495,1002340112,NALCS
1496,1002240048,EULCS
1497,1002240050,EULCS
1498,2017-2rqR11Invictus GamingOMG,LPL
1499,2017-2rqR12Invictus GamingOMG,LPL
1500,2017-2rqR13Invictus GamingOMG,LPL
1501,2017-2rqR21Team WEInvictus Gaming,LPL
1502,2017-2rqR22Team WEInvictus Gaming,LPL
1503,2017-2rqR23Team WEInvictus Gaming,LPL
1504,2017-2rqR24Team WEInvictus Gaming,LPL
1505,2017-2rqR25Team WEInvictus Gaming,LPL
1506,1002240047,EULCS
1507,1002250012,EULCS
1508,1002250020,EULCS
1509,1002260014,EULCS
1510,300007,NALCS
1511,300015,NALCS
1512,300016,NALCS
1513,1002260018,EULCS
1514,1002250033,EULCS
1515,1002250034,EULCS
1516,1002250035,EULCS
1517,290029,NALCS
1518,290036,NALCS
1519,290040,NALCS
1520,1002260044,EULCS
1521,1002250046,EULCS
1522,1002250047,EULCS
1523,290059,NALCS
1524,290068,NALCS
1525,290071,NALCS
1526,290073,NALCS
1527,1310012,LMS
1528,1300029,LMS
1529,1300030,LMS
1530,1300038,LMS
1531,1300039,LMS
1532,1300045,LMS
1533,1300046,LMS
1534,1300063,LMS
1535,1300072,LMS
1536,1300073,LMS
1537,1300074,LMS
1538,1310070,LMS
1539,1300113,LMS
1540,1300114,LMS
1541,1300116,LMS
1542,370224,LCK
1543,370225,LCK
1544,360259,LCK
1545,360260,LCK
1546,360270,LCK
1547,360271,LCK
1548,360272,LCK
1549,360275,LCK
1550,360276,LCK
1551,370285,LCK
1552,370286,LCK
1553,370287,LCK
1554,370288,LCK
1555,360384,LCK
1556,360385,LCK
1557,360387,LCK
1558,1002110028,NALCS
1559,1002110037,NALCS
1560,1002110199,NALCS
1561,1002140057,NALCS
1562,1002150090,NALCS
1563,1030151,LMS
1564,1030197,LMS
1565,50168,TCL
1566,70035,TCL
1567,1100170,LMS
1568,1090279,LMS
1569,1120549,LMS
1570,1130578,LMS
1571,30267,LCK
1572,30279,LCK
1573,30284,LCK
1574,30306,LCK
1575,30313,LCK
1576,30347,LCK
1577,20369,LCK
1578,30358,LCK
1579,20394,LCK
1580,30380,LCK
1581,30432,LCK
1582,30435,LCK
1583,30437,LCK
1584,30447,LCK
1585,20444,LCK
1586,20446,LCK
1587,1001900061,EULCS
1588,1001900065,EULCS
1589,1001900074,EULCS
1590,1001900078,EULCS
1591,1001900079,EULCS
1592,1001910097,EULCS
1593,1001910119,EULCS
1594,1001910125,EULCS
1595,1001910133,EULCS
1596,1001910148,EULCS
1597,1002050056,NALCS
1598,1002050068,NALCS
1599,1002050074,NALCS
1600,1002050079,NALCS
1601,1001900143,EULCS
1602,1001910186,EULCS
1603,1001910188,EULCS
1604,1001910196,EULCS
1605,30585,LCK
1606,30592,LCK
1607,30619,LCK
1608,20710,LCK
1609,20710,TCL
1610,20716,LCK
1611,1002050099,NALCS
1612,1002040154,NALCS
1613,1002050151,NALCS
1614,1002040216,NALCS
1615,1002050161,NALCS
1616,1002050169,NALCS
1617,1002050170,NALCS
1618,1002040221,NALCS
1619,1002040239,NALCS
1620,1002040240,NALCS
1621,1002040245,NALCS
1622,1002040257,NALCS
1623,1002040246,NALCS
1624,1002040258,NALCS
1625,20747,LCK
1626,20750,LCK
1627,20754,LCK
1628,20757,LCK
1629,20797,LCK
1630,1002040260,NALCS
1631,1002040259,NALCS
1632,1002040269,NALCS
1633,1002040275,NALCS
1634,1002040268,NALCS
1635,1002040276,NALCS
1636,1002040277,NALCS
1637,2017-111Edward GamingTeam WE,LPL
1638,2017-112Team WEEdward Gaming,LPL
1639,2017-111Edward GamingVici Gaming,LPL
1640,2017-112Vici GamingEdward Gaming,LPL
1641,2017-111QG ReapersGame Talents,LPL
1642,2017-112QG ReapersGame Talents,LPL
1643,2017-111LGD GamingI May,LPL
1644,2017-112LGD GamingI May,LPL
1645,2017-113I MayLGD Gaming,LPL
1646,2017-111Invictus GamingOMG,LPL
1647,2017-112OMGInvictus Gaming,LPL
1648,2017-111I MayRoyal Never Give Up,LPL
1649,2017-112I MayRoyal Never Give Up,LPL
1650,2017-111Royal Never Give UpOMG,LPL
1651,2017-112Royal Never Give UpOMG,LPL
1652,2017-113Royal Never Give UpOMG,LPL
1653,2017-111Snake EsportsInvictus Gaming,LPL
1654,2017-112Invictus GamingSnake Esports,LPL
1655,2017-113Snake EsportsInvictus Gaming,LPL
1656,2017-111Team WENewbee,LPL
1657,2017-112Team WENewbee,LPL
1658,2017-113Team WENewbee,LPL
1659,2017-111Vici GamingNewbee,LPL
1660,2017-112NewbeeVici Gaming,LPL
1661,2017-113Vici GamingNewbee,LPL
1662,30648,CBLoL
1663,30655,CBLoL
1664,30663,CBLoL
1665,30669,CBLoL
1666,20707,CBLoL
1667,20718,CBLoL
1668,20723,CBLoL
1669,20724,CBLoL
1670,30782,LCK
1671,30787,LCK
1672,30795,LCK
1673,30813,LCK
1674,30826,LCK
1675,30837,LCK
1676,20985,LCK
1677,20986,LCK
1678,136,NACS
1679,144,NACS
1680,143,NACS
1681,150,NACS
1682,149,NACS
1683,151,NACS
1684,1001920039,EULCS
1685,1001920051,EULCS
1686,1001920057,EULCS
1687,1001920069,EULCS
1688,1001930081,EULCS
1689,1001920107,EULCS
1690,1001930095,EULCS
1691,1001930103,EULCS
1692,1001930105,EULCS
1693,1002040283,NALCS
1694,1002040295,NALCS
1695,1002040296,NALCS
1696,1002040305,NALCS
1697,1002040306,NALCS
1698,1001930120,EULCS
1699,1001930127,EULCS
1700,1001930129,EULCS
1701,1001930130,EULCS
1702,1001930136,EULCS
1703,1001930138,EULCS
1704,1002050241,NALCS
1705,1002050255,NALCS
1706,1002040313,NALCS
1707,1002040330,NALCS
1708,1002050259,NALCS
1709,1002050274,NALCS
1710,1002050275,NALCS
1711,1002040332,NALCS
1712,1002040346,NALCS
1713,1002040347,NALCS
1714,1001920165,EULCS
1715,1001930163,EULCS
1716,1001930167,EULCS
1717,1001930178,EULCS
1718,1001930179,EULCS
1719,20926,CBLoL
1720,30965,CBLoL
1721,20942,CBLoL
1722,20950,CBLoL
1723,31016,CBLoL
1724,31028,CBLoL
1725,31037,CBLoL
1726,31041,CBLoL
1727,1002040378,NALCS
1728,1002040390,NALCS
1729,1002040367,NALCS
1730,1002040389,NALCS
1731,1002040391,NALCS
1732,1002040392,NALCS
1733,1002040407,NALCS
1734,1002040411,NALCS
1735,1002040401,NALCS
1736,1002040410,NALCS
1737,1002040412,NALCS
1738,20044,NACS
1739,20058,NACS
1740,20057,NACS
1741,20065,NACS
1742,20064,NACS
1743,20068,NACS
1744,1001940032,EULCS
1745,1001950025,EULCS
1746,1001950027,EULCS
1747,1001950028,EULCS
1748,31035,LCK
1749,21163,LCK
1750,31046,LCK
1751,31051,LCK
1752,31053,LCK
1753,1001950034,EULCS
1754,1001950041,EULCS
1755,1001950051,EULCS
1756,1001950052,EULCS
1757,1001950053,EULCS
1758,1001950057,EULCS
1759,1002070006,NALCS
1760,1002070017,NALCS
1761,1002070018,NALCS
1762,1002070027,NALCS
1763,1001950066,EULCS
1764,1001950076,EULCS
1765,1001950081,EULCS
1766,1001950089,EULCS
1767,1001950090,EULCS
1768,31185,LCK
1769,31201,LCK
1770,21351,LCK
1771,31214,LCK
1772,1002070038,NALCS
1773,1002070055,NALCS
1774,1002070061,NALCS
1775,1002070036,NALCS
1776,1002070057,NALCS
1777,1002070071,NALCS
1778,1002070076,NALCS
1779,1002070077,NALCS
1780,1002070063,NALCS
1781,1002070063,EULCS
1782,1002070075,NALCS
1783,31267,LCK
1784,31272,LCK
1785,31275,LCK
1786,31277,LCK
1787,31298,LCK
1788,1002060104,NALCS
1789,1002060125,NALCS
1790,1002060127,NALCS
1791,1002060102,NALCS
1792,1002060126,NALCS
1793,1002060135,NALCS
1794,1002060141,NALCS
1795,1002060128,NALCS
1796,1002060139,NALCS
1797,40113,CBLoL
1798,40118,CBLoL
1799,40125,CBLoL
1800,40129,CBLoL
1801,50154,CBLoL
1802,50166,CBLoL
1803,50171,CBLoL
1804,50179,CBLoL
1805,50079,LCK
1806,40067,LCK
1807,40068,LCK
1808,40071,LCK
1809,40085,LCK
1810,40112,LCK
1811,50145,LCK
1812,40126,LCK
1813,50164,LCK
1814,30301,EUCS
1815,30311,EUCS
1816,20287,EUCS
1817,20293,EUCS
1818,20299,EUCS
1819,20309,EUCS
1820,20362,NACS
1821,20370,NACS
1822,30393,NACS
1823,30395,NACS
1824,20375,NACS
1825,20376,NACS
1826,1001940117,EULCS
1827,1001950126,EULCS
1828,1001940129,EULCS
1829,1001940136,EULCS
1830,1001940137,EULCS
1831,50203,LCK
1832,50204,LCK
1833,50207,LCK
1834,50217,LCK
1835,40205,LCK
1836,1001940150,EULCS
1837,1001940155,EULCS
1838,1001940156,EULCS
1839,1001940165,EULCS
1840,1001940166,EULCS
1841,1002070128,NALCS
1842,1002070136,NALCS
1843,1002070137,NALCS
1844,1002070139,NALCS
1845,1002070144,NALCS
1846,1001950156,EULCS
1847,1001950166,EULCS
1848,1001950169,EULCS
1849,1001950175,EULCS
1850,50326,LCK
1851,50331,LCK
1852,40397,LCK
1853,40397,CBLoL
1854,40426,LCK
1855,40430,LCK
1856,1002070163,NALCS
1857,1002070171,NALCS
1858,1002070157,NALCS
1859,1002070172,NALCS
1860,1002070173,NALCS
1861,1002070184,NALCS
1862,1002070176,NALCS
1863,1002070185,NALCS
1864,2017-121Edward GamingGame Talents,LPL
1865,2017-122Game TalentsEdward Gaming,LPL
1866,2017-123Edward GamingGame Talents,LPL
1867,2017-121I MaySnake Esports,LPL
1868,2017-122Snake EsportsI May,LPL
1869,2017-121LGD GamingOMG,LPL
1870,2017-122OMGLGD Gaming,LPL
1871,2017-121Royal Never Give UpSnake Esports,LPL
1872,2017-122Snake EsportsRoyal Never Give Up,LPL
1873,2017-121Vici GamingQG Reapers,LPL
1874,2017-122QG ReapersVici Gaming,LPL
1875,2017-123Vici GamingQG Reapers,LPL
1876,40484,LCK
1877,40492,LCK
1878,40496,LCK
1879,40515,LCK
1880,40517,LCK
1881,40379,CBLoL
1882,40387,CBLoL
1883,40396,CBLoL
1884,50449,CBLoL
1885,50453,CBLoL
1886,50461,CBLoL
1887,50462,CBLoL
1888,2017-121Edward GamingNewbee,LPL
1889,2017-122NewbeeEdward Gaming,LPL
1890,2017-121I MayOMG,LPL
1891,2017-122OMGI May,LPL
1892,2017-121Invictus GamingLGD Gaming,LPL
1893,2017-122LGD GamingInvictus Gaming,LPL
1894,2017-121Team WEQG Reapers,LPL
1895,2017-122QG ReapersTeam WE,LPL
1896,2017-123Team WEQG Reapers,LPL
1897,2017-121Vici GamingGame Talents,LPL
1898,2017-122Game TalentsVici Gaming,LPL
1899,1002060204,NALCS
1900,1002060219,NALCS
1901,1002060227,NALCS
1902,1002060202,NALCS
1903,1002060218,NALCS
1904,1002060229,NALCS
1905,1002060239,NALCS
1906,1002060240,NALCS
1907,1002060220,NALCS
1908,1002060228,NALCS
1909,40681,LCK
1910,50556,LCK
1911,50542,LCK
1912,50540,LCK
1913,50535,LCK
1914,40607,LCK
1915,40602,LCK
1916,40584,LCK
1917,40583,LCK
1918,40580,LCK
1919,30556,EUCS
1920,20532,EUCS
1921,20534,EUCS
1922,20547,EUCS
1923,20551,EUCS
1924,20570,EUCS
1925,50088,NACS
1926,40104,NACS
1927,40103,NACS
1928,40106,NACS
1929,40105,NACS
1930,40107,NACS
1931,50595,LCK
1932,50615,LCK
1933,50649,LCK
1934,40790,LCK
1935,1001970008,EULCS
1936,1001970013,EULCS
1937,1001970014,EULCS
1938,1001970025,EULCS
1939,1001970026,EULCS
1940,1001970034,EULCS
1941,1001970045,EULCS
1942,1001960068,EULCS
1943,1001960080,EULCS
1944,1002090004,NALCS
1945,1002090025,NALCS
1946,1002090027,NALCS
1947,1002090039,NALCS
1948,1001970059,EULCS
1949,1001960098,EULCS
1950,1001960100,EULCS
1951,1001960106,EULCS
1952,40914,LCK
1953,40924,LCK
1954,50861,LCK
1955,50863,LCK
1956,1030155,LMS
1957,1030158,LMS
1958,1020178,LMS
1959,1030167,LMS
1960,1030209,LMS
1961,1030213,LMS
1962,1030232,LMS
1963,1020301,LMS
1964,1020315,LMS
1965,1020316,LMS
1966,1020328,LMS
1967,1020423,LMS
1968,1020426,LMS
1969,1020431,LMS
1970,1020437,LMS
1971,1020441,LMS
1972,1020466,LMS
1973,1020476,LMS
1974,1020488,LMS
1975,1020522,LMS
1976,1002080044,NALCS
1977,1002080061,NALCS
1978,1002080063,NALCS
1979,1002080043,NALCS
1980,1002080062,NALCS
1981,1002080064,NALCS
1982,1002080065,NALCS
1983,1002080080,NALCS
1984,1002080082,NALCS
1985,1002080066,NALCS
1986,1002080081,NALCS
1987,2017-131Edward GamingQG Reapers,LPL
1988,2017-132QG ReapersEdward Gaming,LPL
1989,2017-131Game TalentsNewbee,LPL
1990,2017-132NewbeeGame Talents,LPL
1991,2017-131I MayInvictus Gaming,LPL
1992,2017-132Invictus GamingI May,LPL
1993,2017-131NewbeeQG Reapers,LPL
1994,2017-132QG ReapersNewbee,LPL
1995,2017-133NewbeeQG Reapers,LPL
1996,2017-131Royal Never Give UpInvictus Gaming,LPL
1997,2017-132Invictus GamingRoyal Never Give Up,LPL
1998,2017-133Royal Never Give UpInvictus Gaming,LPL
1999,2017-131Royal Never Give UpLGD Gaming,LPL
2000,2017-132LGD GamingRoyal Never Give Up,LPL
2001,2017-131Snake EsportsLGD Gaming,LPL
2002,2017-132LGD GamingSnake Esports,LPL
2003,2017-131Snake EsportsOMG,LPL
2004,2017-132OMGSnake Esports,LPL
2005,2017-131Team WEGame Talents,LPL
2006,2017-132Game TalentsTeam WE,LPL
2007,2017-131Team WEVici Gaming,LPL
2008,2017-132Vici GamingTeam WE,LPL
2009,2017-133Team WEVici Gaming,LPL
2010,41011,LCK
2011,41015,LCK
2012,41017,LCK
2013,41033,LCK
2014,41034,LCK
2015,1002090114,NALCS
2016,1002090129,NALCS
2017,1002090137,NALCS
2018,1002090107,NALCS
2019,1002090130,NALCS
2020,60081,CBLoL
2021,60092,CBLoL
2022,60099,CBLoL
2023,60102,CBLoL
2024,60146,CBLoL
2025,60147,CBLoL
2026,60150,CBLoL
2027,60156,CBLoL
2028,1002090136,NALCS
2029,1002090145,NALCS
2030,1002090152,NALCS
2031,1002090153,NALCS
2032,1002090146,NALCS
2033,20574,TCL
2034,20576,TCL
2035,20581,TCL
2036,20592,TCL
2037,30652,TCL
2038,30654,TCL
2039,20687,TCL
2040,20688,TCL
2041,20696,TCL
2042,20697,TCL
2043,20717,TCL
2044,20738,TCL
2045,20745,TCL
2046,20746,TCL
2047,20889,TCL
2048,20897,TCL
2049,20899,TCL
2050,20907,TCL
2051,20917,TCL
2052,20932,TCL
2053,30994,TCL
2054,30995,TCL
2055,31003,TCL
2056,31012,TCL
2057,31018,TCL
2058,31029,TCL
2059,31043,TCL
2060,31049,TCL
2061,31052,TCL
2062,31065,TCL
2063,40024,TCL
2064,40035,TCL
2065,40036,TCL
2066,40047,TCL
2067,40101,TCL
2068,40117,TCL
2069,40161,TCL
2070,40162,TCL
2071,40166,TCL
2072,40178,TCL
2073,50165,TCL
2074,50182,TCL
2075,50190,TCL
2076,50191,TCL
2077,50198,TCL
2078,50324,TCL
2079,50329,TCL
2080,50330,TCL
2081,50346,TCL
2082,50357,TCL
2083,50364,TCL
2084,40422,TCL
2085,50415,TCL
2086,50417,TCL
2087,40434,TCL
2088,40449,TCL
2089,40450,TCL
2090,40473,TCL
2091,40475,TCL
2092,40476,TCL
2093,40482,TCL
2094,70023,TCL
2095,70025,TCL
2096,70029,TCL
2097,70044,TCL
2098,70053,TCL
2099,70053,EUCS
2100,70105,TCL
2101,70108,TCL
2102,70109,TCL
2103,70116,TCL
2104,70117,TCL
2105,70147,TCL
2106,60175,TCL
2107,60176,TCL
2108,60177,TCL
2109,60186,TCL
2110,30797,TCL
2111,50224,EUCS
2112,50248,EUCS
2113,50252,EUCS
2114,50261,EUCS
2115,50269,EUCS
2116,50274,EUCS
2117,60034,EUCS
2118,60037,EUCS
2119,70054,EUCS
2120,70057,EUCS
2121,70059,EUCS
2122,70367,LCK
2123,70369,LCK
2124,70370,LCK
2125,70373,LCK
2126,70391,LCK
2127,70430,LCK
2128,70439,LCK
2129,70478,LCK
2130,70481,LCK
2131,60487,LCK
2132,90034,NACS
2133,90039,NACS
2134,90037,NACS
2135,90049,NACS
2136,90050,NACS
2137,90051,NACS
2138,90052,NACS
2139,60554,LCK
2140,60555,LCK
2141,60570,LCK
2142,60589,LCK
2143,60593,LCK
2144,1001980175,EULCS
2145,1001980181,EULCS
2146,1001980182,EULCS
2147,1001980183,EULCS
2148,1001980189,EULCS
2149,1001980198,EULCS
2150,1001980207,EULCS
2151,1001980208,EULCS
2152,1001980215,EULCS
2153,1060007,LMS
2154,1060014,LMS
2155,1060016,LMS
2156,1060017,LMS
2157,1060022,LMS
2158,1002110015,NALCS
2159,1002110021,NALCS
2160,1002110024,NALCS
2161,1002110036,NALCS
2162,1001980228,EULCS
2163,1001980234,EULCS
2164,1001980235,EULCS
2165,1001980246,EULCS
2166,1002100064,NALCS
2167,1002100063,NALCS
2168,1002100074,NALCS
2169,1002100076,NALCS
2170,1002100081,NALCS
2171,1060050,LMS
2172,1060068,LMS
2173,1060073,LMS
2174,1060083,LMS
2175,1002100090,NALCS
2176,1002100100,NALCS
2177,1002100101,NALCS
2178,1002100082,NALCS
2179,1002100099,NALCS
2180,70728,LCK
2181,70730,LCK
2182,60780,LCK
2183,70776,LCK
2184,70781,LCK
2185,2017-141Edward GamingRoyal Never Give Up,LPL
2186,2017-142Royal Never Give UpEdward Gaming,LPL
2187,2017-141Game TalentsLGD Gaming,LPL
2188,2017-142LGD GamingGame Talents,LPL
2189,2017-143Game TalentsLGD Gaming,LPL
2190,2017-141Invictus GamingNewbee,LPL
2191,2017-142NewbeeInvictus Gaming,LPL
2192,2017-141LGD GamingEdward Gaming,LPL
2193,2017-142Edward GamingLGD Gaming,LPL
2194,2017-143LGD GamingEdward Gaming,LPL
2195,2017-141QG ReapersOMG,LPL
2196,2017-142OMGQG Reapers,LPL
2197,2017-141Royal Never Give UpGame Talents,LPL
2198,2017-142Game TalentsRoyal Never Give Up,LPL
2199,2017-143Royal Never Give UpGame Talents,LPL
2200,2017-141Snake EsportsTeam WE,LPL
2201,2017-142Team WESnake Esports,LPL
2202,2017-141Team WEInvictus Gaming,LPL
2203,2017-142Invictus GamingTeam WE,LPL
2204,2017-141Vici GamingI May,LPL
2205,2017-142I MayVici Gaming,LPL
2206,100070,CBLoL
2207,100072,CBLoL
2208,100080,CBLoL
2209,100081,CBLoL
2210,110155,CBLoL
2211,110162,CBLoL
2212,110172,CBLoL
2213,110174,CBLoL
2214,1060097,LMS
2215,1060107,LMS
2216,1060108,LMS
2217,1060120,LMS
2218,60884,LCK
2219,60897,LCK
2220,60899,LCK
2221,60930,LCK
2222,60934,LCK
2223,60938,LCK
2224,1002100108,NALCS
2225,1002100130,NALCS
2226,1002100107,NALCS
2227,1002100129,NALCS
2228,1002100140,NALCS
2229,1002100131,NALCS
2230,1002100143,NALCS
2231,1002100142,NALCS
2232,1002100148,NALCS
2233,1002100149,NALCS
2234,90174,EUCS
2235,90197,EUCS
2236,90204,EUCS
2237,90211,EUCS
2238,90212,EUCS
2239,90221,EUCS
2240,110030,TCL
2241,110031,TCL
2242,110032,TCL
2243,110041,TCL
2244,110052,TCL
2245,110055,TCL
2246,90101,LCK
2247,90109,LCK
2248,90113,LCK
2249,90146,LCK
2250,80183,LCK
2251,80194,LCK
2252,80197,LCK
2253,80219,LCK
2254,80223,LCK
2255,80229,LCK
2256,1002110143,NACS
2257,1002110155,NACS
2258,1002110156,NACS
2259,90289,LCK
2260,90303,LCK
2261,90308,LCK
2262,90324,LCK
2263,1001980255,EULCS
2264,1001980276,EULCS
2265,1001980277,EULCS
2266,1001980278,EULCS
2267,1001980283,EULCS
2268,1001980284,EULCS
2269,1002110163,NACS
2270,1002110165,NACS
2271,1002110166,NACS
2272,1001980298,EULCS
2273,1001990138,EULCS
2274,1001990146,EULCS
2275,1090087,LMS
2276,1090100,LMS
2277,1090103,LMS
2278,1090105,LMS
2279,1090114,LMS
2280,1001990148,EULCS
2281,1001990156,EULCS
2282,1001990157,EULCS
2283,2017-151NewbeeSnake Esports,LPL
2284,2017-152Snake EsportsNewbee,LPL
2285,2017-153NewbeeSnake Esports,LPL
2286,2017-151Vici GamingOMG,LPL
2287,2017-152OMGVici Gaming,LPL
2288,1002110171,NALCS
2289,1002110188,NALCS
2290,1002110191,NALCS
2291,1001990164,EULCS
2292,1001980349,EULCS
2293,1001980353,EULCS
2294,1001980361,EULCS
2295,1080148,LMS
2296,1080165,LMS
2297,1080174,LMS
2298,1080211,LMS
2299,80472,LCK
2300,80475,LCK
2301,80491,LCK
2302,80524,LCK
2303,2017-151OMGGame Talents,LPL
2304,2017-152Game TalentsOMG,LPL
2305,2017-153Game TalentsOMG,LPL
2306,2017-151Royal Never Give UpNewbee,LPL
2307,2017-151Edward GamingInvictus Gaming,LPL
2308,2017-152Invictus GamingEdward Gaming,LPL
2309,2017-153Edward GamingInvictus Gaming,LPL
2310,2017-151QG ReapersI May,LPL
2311,2017-152QG ReapersI May,LPL
2312,2017-153QG ReapersI May,LPL
2313,2017-152NewbeeRoyal Never Give Up,LPL
2314,1002110229,NALCS
2315,1002110235,NALCS
2316,1002100219,NALCS
2317,1002100222,NALCS
2318,1002100223,NALCS
2319,1002110238,NALCS
2320,1002110262,NALCS
2321,1002100229,NALCS
2322,1002100238,NALCS
2323,1001990195,EULCS
2324,1001980382,EULCS
2325,1001980384,EULCS
2326,1080256,LMS
2327,1080270,LMS
2328,1080274,LMS
2329,1080294,LMS
2330,1080295,LMS
2331,90570,LCK
2332,90577,LCK
2333,80660,LCK
2334,90604,LCK
2335,100282,CBLoL
2336,100288,CBLoL
2337,100293,CBLoL
2338,100298,CBLoL
2339,100362,CBLoL
2340,100365,CBLoL
2341,100370,CBLoL
2342,2017-151Team WEI May,LPL
2343,2017-152I MayTeam WE,LPL
2344,2017-151QG ReapersLGD Gaming,LPL
2345,2017-152LGD GamingQG Reapers,LPL
2346,2017-151Snake EsportsVici Gaming,LPL
2347,2017-152Snake EsportsVici Gaming,LPL
2348,1002110284,NALCS
2349,1002110295,NALCS
2350,1002110298,NALCS
2351,1002110277,NALCS
2352,1002110297,NALCS
2353,1002110299,NALCS
2354,1002110300,NALCS
2355,1002110319,NALCS
2356,1002110309,NALCS
2357,1002110320,NALCS
2358,1002110321,NALCS
2359,1002110322,NALCS
2360,100375,CBLoL
2361,100102,TCL
2362,100109,TCL
2363,100110,TCL
2364,100115,TCL
2365,100116,TCL
2366,100136,TCL
2367,110183,TCL
2368,110187,TCL
2369,110190,TCL
2370,110199,TCL
2371,90726,LCK
2372,90736,LCK
2373,90738,LCK
2374,90741,LCK
2375,90754,LCK
2376,90761,LCK
2377,80865,LCK
2378,80877,LCK
2379,80879,LCK
2380,80880,LCK
2381,80891,LCK
2382,1002110333,NACS
2383,1002110341,NACS
2384,1002110342,NACS
2385,1002110343,NACS
2386,1002000027,EULCS
2387,1002000033,EULCS
2388,90937,LCK
2389,90948,LCK
2390,90954,LCK
2391,90917,LCK
2392,90920,LCK
2393,90926,LCK
2394,1002000034,EULCS
2395,1002000040,EULCS
2396,1002000041,EULCS
2397,2017-161OMGEdward Gaming,LPL
2398,2017-162Edward GamingOMG,LPL
2399,2017-163OMGEdward Gaming,LPL
2400,2017-161Team WELGD Gaming,LPL
2401,2017-162LGD GamingTeam WE,LPL
2402,1002000057,EULCS
2403,1002010056,EULCS
2404,1002010057,EULCS
2405,1090271,LMS
2406,1090275,LMS
2407,1090277,LMS
2408,1090284,LMS
2409,1002010064,EULCS
2410,1002010065,EULCS
2411,1002120028,NALCS
2412,1002120031,NALCS
2413,1002120037,NALCS
2414,1002120044,NALCS
2415,81032,LCK
2416,81068,LCK
2417,81073,LCK
2418,81092,LCK
2419,81115,LCK
2420,1090308,LMS
2421,1090311,LMS
2422,1090314,LMS
2423,1090321,LMS
2424,1002000081,EULCS
2425,1002000090,EULCS
2426,1002000091,EULCS
2427,1002000097,EULCS
2428,1002130041,NALCS
2429,1002130053,NALCS
2430,1002130058,NALCS
2431,1002130040,NALCS
2432,1002130054,NALCS
2433,1002130059,NALCS
2434,1002130061,NALCS
2435,1002130074,NALCS
2436,1002130076,NALCS
2437,2017-161Invictus GamingQG Reapers,LPL
2438,2017-162QG ReapersInvictus Gaming,LPL
2439,2017-163Invictus GamingQG Reapers,LPL
2440,2017-161NewbeeI May,LPL
2441,2017-162NewbeeI May,LPL
2442,2017-163NewbeeI May,LPL
2443,2017-161Royal Never Give UpTeam WE,LPL
2444,2017-162Team WERoyal Never Give Up,LPL
2445,2017-163Royal Never Give UpTeam WE,LPL
2446,2017-161Snake EsportsEdward Gaming,LPL
2447,2017-162Edward GamingSnake Esports,LPL
2448,2017-163Snake EsportsEdward Gaming,LPL
2449,2017-161Vici GamingLGD Gaming,LPL
2450,2017-162LGD GamingVici Gaming,LPL
2451,1080397,LMS
2452,1080405,LMS
2453,1080407,LMS
2454,1080423,LMS
2455,81179,LCK
2456,81184,LCK
2457,81186,LCK
2458,81201,LCK
2459,1002000116,EUCS
2460,1002010130,EUCS
2461,1002000131,EUCS
2462,1002000132,EUCS
2463,1002120100,NALCS
2464,1002120115,NALCS
2465,1002120097,NALCS
2466,1002120116,NALCS
2467,2017-161NewbeeOMG,LPL
2468,2017-162OMGNewbee,LPL
2469,2017-163NewbeeOMG,LPL
2470,2017-161I MayGame Talents,LPL
2471,2017-162I MayGame Talents,LPL
2472,1002120121,NALCS
2473,1002120133,NALCS
2474,1002120124,NALCS
2475,1002120134,NALCS
2476,1002120135,NALCS
2477,1002130070,NALCS
2478,1002130075,NALCS
2479,110036,LCK
2480,110043,LCK
2481,110044,LCK
2482,110062,LCK
2483,110065,LCK
2484,140016,LCK
2485,140043,LCK
2486,140045,LCK
2487,140050,LCK
2488,140062,LCK
2489,140064,LCK
2490,140094,LCK
2491,140102,LCK
2492,140104,LCK
2493,140107,LCK
2494,140118,LCK
2495,140120,LCK
2496,1002000138,EULCS
2497,1002010154,EULCS
2498,1002000152,EULCS
2499,1002010164,EULCS
2500,1002010169,EULCS
2501,1002010178,EULCS
2502,1002010179,EULCS
2503,1100045,LMS
2504,1100048,LMS
2505,1100056,LMS
2506,1100057,LMS
2507,1002010184,EULCS
2508,2017-171Snake EsportsGame Talents,LPL
2509,2017-172Snake EsportsGame Talents,LPL
2510,2017-173Snake EsportsGame Talents,LPL
2511,2017-171Invictus GamingVici Gaming,LPL
2512,2017-172Invictus GamingVici Gaming,LPL
2513,2017-173Invictus GamingVici Gaming,LPL
2514,1100047,LMS
2515,1002120181,NALCS
2516,1002120195,NALCS
2517,1002120197,NALCS
2518,1002120202,NALCS
2519,1002010201,EULCS
2520,1002000202,EULCS
2521,1002000203,EULCS
2522,1002000204,EULCS
2523,130222,LCK
2524,130256,LCK
2525,130257,LCK
2526,130295,LCK
2527,130299,LCK
2528,1100160,LMS
2529,1100168,LMS
2530,1100182,LMS
2531,1002000210,EULCS
2532,1002000211,EULCS
2533,1002130167,NALCS
2534,1002130190,NALCS
2535,1002130164,NALCS
2536,1002130189,NALCS
2537,1002130191,NALCS
2538,130228,CBLoL
2539,130229,CBLoL
2540,130232,CBLoL
2541,130233,CBLoL
2542,1002130192,NALCS
2543,1002130207,NALCS
2544,1002130198,NALCS
2545,1002130211,NALCS
2546,2017-171Edward GamingI May,LPL
2547,2017-172I MayEdward Gaming,LPL
2548,2017-173Edward GamingI May,LPL
2549,2017-171Royal Never Give UpQG Reapers,LPL
2550,2017-172QG ReapersRoyal Never Give Up,LPL
2551,1002130213,NALCS
2552,2017-171Invictus GamingGame Talents,LPL
2553,2017-172Invictus GamingGame Talents,LPL
2554,2017-171NewbeeLGD Gaming,LPL
2555,2017-172LGD GamingNewbee,LPL
2556,2017-173NewbeeLGD Gaming,LPL
2557,2017-171OMGTeam WE,LPL
2558,2017-172Team WEOMG,LPL
2559,2017-171Snake EsportsQG Reapers,LPL
2560,2017-172Snake EsportsQG Reapers,LPL
2561,2017-171Royal Never Give UpVici Gaming,LPL
2562,2017-172Royal Never Give UpVici Gaming,LPL
2563,2017-173Royal Never Give UpVici Gaming,LPL
2564,1100254,LMS
2565,1100264,LMS
2566,1100269,LMS
2567,1100283,LMS
2568,140353,LCK
2569,140363,LCK
2570,140364,LCK
2571,140392,LCK
2572,140394,LCK
2573,1002000218,EUCS
2574,1002000236,EUCS
2575,1002000237,EUCS
2576,1002000238,EUCS
2577,1002000239,EUCS
2578,1002130226,NALCS
2579,1002130234,NALCS
2580,1002120274,NALCS
2581,1002120297,NALCS
2582,120306,CBLoL
2583,120309,CBLoL
2584,120310,CBLoL
2585,120311,CBLoL
2586,1002130236,NALCS
2587,1002130254,NALCS
2588,1002130255,NALCS
2589,1002120309,NALCS
2590,1002120318,NALCS
2591,1002120319,NALCS
2592,130525,LCK
2593,130528,LCK
2594,130531,LCK
2595,130535,LCK
2596,130549,LCK
2597,130593,LCK
2598,130616,LCK
2599,130619,LCK
2600,130632,LCK
2601,130637,LCK
2602,140673,LCK
2603,140696,LCK
2604,140697,LCK
2605,140699,LCK
2606,140710,LCK
2607,140713,LCK
2608,1002020028,EULCS
2609,1002020032,EULCS
2610,1002020033,EULCS
2611,1002020034,EULCS
2612,1002020040,EULCS
2613,1002020041,EULCS
2614,1100314,LMS
2615,1100316,LMS
2616,1100329,LMS
2617,1100340,LMS
2618,2017-181Invictus GamingI May,LPL
2619,2017-182I MayInvictus Gaming,LPL
2620,2017-183Invictus GamingI May,LPL
2621,2017-181LGD GamingRoyal Never Give Up,LPL
2622,2017-182Royal Never Give UpLGD Gaming,LPL
2623,1002030040,EULCS
2624,1002030051,EULCS
2625,1002020058,EULCS
2626,1002020064,EULCS
2627,1002120387,NAPR
2628,1002120406,NAPR
2629,1002120407,NAPR
2630,1002120408,NAPR
2631,1002130289,NAPR
2632,1002130303,NAPR
2633,1002130304,NAPR
2634,1002130305,NAPR
2635,1002020069,EULCS
2636,1002020077,EULCS
2637,1002020078,EULCS
2638,1002020098,EULCS
2639,1002020099,EULCS
2640,1100425,LMS
2641,1100433,LMS
2642,1100435,LMS
2643,1100436,LMS
2644,1100455,LMS
2645,140812,LCK
2646,140821,LCK
2647,140826,LCK
2648,140847,LCK
2649,1002120428,NAPR
2650,1002120438,NAPR
2651,1002120439,NAPR
2652,1002120440,NAPR
2653,1002130320,NAPR
2654,1002130330,NAPR
2655,1002130331,NAPR
2656,1002130332,NAPR
2657,1002130333,NAPR
2658,1002020101,EULCS
2659,1002020115,EULCS
2660,1002020116,EULCS
2661,1002020128,EULCS
2662,1002020130,EULCS
2663,140924,LCK
2664,140928,LCK
2665,140930,LCK
2666,140947,LCK
2667,140950,LCK
2668,140965,LCK
2669,1100515,LMS
2670,1100526,LMS
2671,1100537,LMS
2672,1100546,LMS
2673,140071,TCL
2674,140075,TCL
2675,140077,TCL
2676,140079,TCL
2677,150052,TCL
2678,150025,TCL
2679,150026,TCL
2680,150027,TCL
2681,2017-181Edward GamingGame Talents,LPL
2682,2017-182Edward GamingGame Talents,LPL
2683,2017-181Vici GamingGame Talents,LPL
2684,2017-182Game TalentsVici Gaming,LPL
2685,2017-181Invictus GamingRoyal Never Give Up,LPL
2686,2017-182Royal Never Give UpInvictus Gaming,LPL
2687,2017-183Invictus GamingRoyal Never Give Up,LPL
2688,2017-181NewbeeEdward Gaming,LPL
2689,2017-182Edward GamingNewbee,LPL
2690,2017-183NewbeeEdward Gaming,LPL
2691,2017-181OMGLGD Gaming,LPL
2692,2017-182LGD GamingOMG,LPL
2693,2017-181QG ReapersNewbee,LPL
2694,2017-182NewbeeQG Reapers,LPL
2695,2017-181QG ReapersTeam WE,LPL
2696,2017-182Team WEQG Reapers,LPL
2697,2017-181I MaySnake Esports,LPL
2698,2017-182I MaySnake Esports,LPL
2699,1002120446,NAPR
2700,1002120456,NAPR
2701,1002120457,NAPR
2702,1002120458,NAPR
2703,1002120459,NAPR
2704,1002030126,EUPR
2705,1002030139,EUPR
2706,1002030140,EUPR
2707,1002030142,EUPR
2708,1130028,LMS
2709,1130033,LMS
2710,1130034,LMS
2711,1130046,LMS
2712,160160,LCK
2713,160172,LCK
2714,1002030146,EUPR
2715,1002030155,EUPR
2716,1002030156,EUPR
2717,2017-191Team WEGame Talents,LPL
2718,2017-192Team WEGame Talents,LPL
2719,2017-191QG ReapersVici Gaming,LPL
2720,2017-192Vici GamingQG Reapers,LPL
2721,1010051,LMS
2722,1010055,LMS
2723,1010060,LMS
2724,1010077,LMS
2725,1010078,LMS
2726,1010081,LMS
2727,1010098,LMS
2728,1010108,LMS
2729,1010117,LMS
2730,1010121,LMS
2731,1010129,LMS
2732,1010130,LMS
2733,1130098,LMS
2734,1130115,LMS
2735,1130116,LMS
2736,1130128,LMS
2737,1130129,LMS
2738,1002020174,EULCS
2739,1002020182,EULCS
2740,1002020183,EULCS
2741,130248,CBLoL
2742,130249,CBLoL
2743,130251,CBLoL
2744,150115,TCL
2745,150122,TCL
2746,150123,TCL
2747,150124,TCL
2748,1002020186,EULCS
2749,2017-191OMGI May,LPL
2750,2017-192I MayOMG,LPL
2751,2017-191Royal Never Give UpSnake Esports,LPL
2752,2017-192Royal Never Give UpSnake Esports,LPL
2753,1002020187,EULCS
2754,1002140036,NALCS
2755,1002140051,NALCS
2756,1002140052,NALCS
2757,1002020211,EULCS
2758,1002020221,EULCS
2759,1002020222,EULCS
2760,150144,TCL
2761,150147,TCL
2762,150149,TCL
2763,150152,TCL
2764,2017-191Invictus GamingSnake Esports,LPL
2765,2017-192Invictus GamingSnake Esports,LPL
2766,2017-191LGD GamingI May,LPL
2767,2017-192I MayLGD Gaming,LPL
2768,2017-193LGD GamingI May,LPL
2769,2017-191NewbeeVici Gaming,LPL
2770,2017-192Vici GamingNewbee,LPL
2771,2017-191OMGRoyal Never Give Up,LPL
2772,2017-192Royal Never Give UpOMG,LPL
2773,2017-191QG ReapersGame Talents,LPL
2774,2017-192QG ReapersGame Talents,LPL
2775,2017-191Edward GamingTeam WE,LPL
2776,2017-192Edward GamingTeam WE,LPL
2777,1002140063,NALCS
2778,1002140064,NALCS
2779,1002140065,NALCS
2780,1002140066,NALCS
2781,1130133,LMS
2782,1130137,LMS
2783,1130139,LMS
2784,1130154,LMS
2785,160298,LCK
2786,160309,LCK
2787,160311,LCK
2788,1002050025,EUPR
2789,1002050029,EUPR
2790,1002050030,EUPR
2791,1002050031,EUPR
2792,1002050032,EUPR
2793,1002050033,EUPR
2794,1002050040,EUPR
2795,1002050041,EUPR
2796,1002040043,EUPR
2797,1002050054,EUPR
2798,1002050055,EUPR
2799,150413,LCK
2800,150422,LCK
2801,150423,LCK
2802,1002040060,EULCS
2803,1002040071,EULCS
2804,1002040072,EULCS
2805,1002040073,EULCS
2806,1002150084,NALCS
2807,1002150091,NALCS
2808,1002140090,NALCS
2809,1002140096,NALCS
2810,1002140098,NALCS
2811,1002050075,EULCS
2812,1002040107,EULCS
2813,1002040108,EULCS
2814,1002040109,EULCS
2815,2017-1101I MayRoyal Never Give Up,LPL
2816,2017-1102Royal Never Give UpI May,LPL
2817,2017-1103I MayRoyal Never Give Up,LPL
2818,2017-1101LGD GamingInvictus Gaming,LPL
2819,2017-1102Invictus GamingLGD Gaming,LPL
2820,2017-1101LGD GamingSnake Esports,LPL
2821,2017-1102Snake EsportsLGD Gaming,LPL
2822,2017-1103LGD GamingSnake Esports,LPL
2823,2017-1101NewbeeGame Talents,LPL
2824,2017-1102Game TalentsNewbee,LPL
2825,2017-1103NewbeeGame Talents,LPL
2826,2017-1101NewbeeTeam WE,LPL
2827,2017-1102Team WENewbee,LPL
2828,2017-1103NewbeeTeam WE,LPL
2829,2017-1101Invictus GamingOMG,LPL
2830,2017-1102OMGInvictus Gaming,LPL
2831,2017-1101OMGSnake Esports,LPL
2832,2017-1102OMGSnake Esports,LPL
2833,2017-1103OMGSnake Esports,LPL
2834,2017-1101QG ReapersEdward Gaming,LPL
2835,2017-1102QG ReapersEdward Gaming,LPL
2836,2017-1103QG ReapersEdward Gaming,LPL
2837,2017-1101Vici GamingEdward Gaming,LPL
2838,2017-1102Vici GamingEdward Gaming,LPL
2839,2017-1101Team WEVici Gaming,LPL
2840,2017-1102Team WEVici Gaming,LPL
2841,1120531,LMS
2842,1120535,LMS
2843,1120537,LMS
2844,1120538,LMS
2845,1002070065,EULCS
2846,1002070066,EULCS
2847,170084,LCK
2848,170093,LCK
2849,180040,LCK
2850,1130579,LMS
2851,1002160040,NALCS
2852,1002160060,NALCS
2853,1002160061,NALCS
2854,1002160062,NALCS
2855,1002160063,NALCS
2856,1002070093,EULCS
2857,1002060063,EULCS
2858,1002070098,EULCS
2859,1002070099,EULCS
2860,1002170046,NALCS
2861,1002170052,NALCS
2862,1002170054,NALCS
2863,1002170056,NALCS
2864,1002170058,NALCS
2865,1130590,LMS
2866,1130591,LMS
2867,1130592,LMS
2868,1130594,LMS
2869,2017-13RD1OMGEdward Gaming,LPL
2870,2017-13P2Edward GamingOMG,LPL
2871,2017-13P3Edward GamingOMG,LPL
2872,2017-13P4Edward GamingOMG,LPL
2873,2017-13P5Edward GamingOMG,LPL
2874,2017-1R12I MayQG Reapers,LPL
2875,2017-1R13QG ReapersI May,LPL
2876,2017-1R14I MayQG Reapers,LPL
2877,2017-1R15QG ReapersI May,LPL
2878,2017-1R12NewbeeInvictus Gaming,LPL
2879,2017-1R13NewbeeInvictus Gaming,LPL
2880,2017-1R14NewbeeInvictus Gaming,LPL
2881,2017-1R21Edward GamingNewbee,LPL
2882,2017-1R22NewbeeEdward Gaming,LPL
2883,2017-1R23Edward GamingNewbee,LPL
2884,2017-1R21I MayOMG,LPL
2885,2017-1R22I MayOMG,LPL
2886,2017-1R23OMGI May,LPL
2887,2017-1R24I MayOMG,LPL
2888,2017-1R25OMGI May,LPL
2889,2017-1SF1Royal Never Give UpEdward Gaming,LPL
2890,2017-1SF2Edward GamingRoyal Never Give Up,LPL
2891,2017-1SF3Royal Never Give UpEdward Gaming,LPL
2892,2017-1SF4Edward GamingRoyal Never Give Up,LPL
2893,2017-1SF1Team WEOMG,LPL
2894,2017-1SF2OMGTeam WE,LPL
2895,2017-1SF3Team WEOMG,LPL
2896,2017-1SF4OMGTeam WE,LPL
2897,100251,TCL
2898,100255,TCL
2899,100262,TCL
2900,100265,TCL
2901,100266,TCL
2902,100272,TCL
2903,100323,TCL
2904,100325,TCL
2905,100326,TCL
2906,100334,TCL
2907,110409,TCL
2908,100356,TCL
2909,100382,TCL
2910,100386,TCL
2911,100392,TCL
2912,100395,TCL
2913,60113,TCL
2914,60114,TCL
2915,60115,TCL
2916,60116,TCL
2917,120107,MSI
2918,120108,MSI
2919,120117,MSI
2920,120120,MSI
2921,120126,MSI
2922,130134,MSI
2923,2017-1F1Team WERoyal Never Give Up,LPL
2924,2017-1F2Royal Never Give UpTeam WE,LPL
2925,2017-1poF3Team WERoyal Never Give Up,LPL
2926,120151,MSI
2927,130153,MSI
2928,120167,MSI
2929,120173,MSI
2930,130180,MSI
2931,120180,MSI
2932,130200,MSI
2933,120194,MSI
2934,130213,MSI
2935,120204,MSI
2936,120208,MSI
2937,120210,MSI
2938,130255,MSI
2939,130260,MSI
2940,130267,MSI
2941,130273,MSI
2942,130281,MSI
2943,130285,MSI
2944,130317,MSI
2945,130320,MSI
2946,130321,MSI
2947,130322,MSI
2948,130323,MSI
2949,130355,MSI
2950,130357,MSI
2951,130358,MSI
2952,120289,MSI
2953,130368,MSI
2954,120290,MSI
2955,130370,MSI
2956,1002180106,MSI
2957,1002180124,MSI
2958,1002180130,MSI
2959,1002180138,MSI
2960,1002180145,MSI
2961,1002180154,MSI
2962,1002190147,MSI
2963,1002190162,MSI
2964,1002190173,MSI
2965,1002190180,MSI
2966,1002190189,MSI
2967,1002190197,MSI
2968,1002180211,MSI
2969,1002180223,MSI
2970,1002180232,MSI
2971,1002180239,MSI
2972,1002180250,MSI
2973,1002180257,MSI
2974,1002190242,MSI
2975,1002190255,MSI
2976,1002190264,MSI
2977,1002190273,MSI
2978,1002190280,MSI
2979,1002190287,MSI
2980,1002180306,MSI
2981,1002180314,MSI
2982,1002180331,MSI
2983,1002180337,MSI
2984,1002180343,MSI
2985,1002180355,MSI
2986,1002180361,MSI
2987,1002180382,MSI
2988,1002180408,MSI
2989,1002180409,MSI
2990,1002190409,MSI
2991,1002190418,MSI
2992,1002190419,MSI
2993,1002190420,MSI
2994,1002180435,MSI
2995,1002180449,MSI
2996,1002180451,MSI
2997,1002180452,MSI
2998,1002360213,WC
2999,1002360222,WC
3000,1002360229,WC
3001,1002360235,WC
3002,1002360244,WC
3003,1002360251,WC
3004,1002360287,WC
3005,1002360296,WC
3006,1002360302,WC
3007,1002360310,WC
3008,1002360317,WC
3009,1002360324,WC
3010,1002360332,WC
3011,1002360365,WC
3012,1002360372,WC
3013,1002360382,WC
3014,1002360389,WC
3015,1002360398,WC
3016,1002360404,WC
3017,1002360429,WC
3018,1002360441,WC
3019,1002360452,WC
3020,1002360463,WC
3021,1002360472,WC
3022,1002360478,WC
3023,1002360489,WC
3024,1002360512,WC
3025,1002360515,WC
3026,1002360516,WC
3027,1002360518,WC
3028,1002360526,WC
3029,1002360527,WC
3030,1002360538,WC
3031,1002360552,WC
3032,1002360553,WC
3033,1002360554,WC
3034,1002360555,WC
3035,1002360564,WC
3036,1002360565,WC
3037,1002390182,WC
3038,1002390191,WC
3039,1002390201,WC
3040,1002390211,WC
3041,1002390223,WC
3042,1002390235,WC
3043,1002380186,WC
3044,1002380197,WC
3045,1002380204,WC
3046,1002380208,WC
3047,1002380216,WC
3048,1002380220,WC
3049,1002390351,WC
3050,1002390361,WC
3051,1002390376,WC
3052,1002390388,WC
3053,1002390407,WC
3054,1002390418,WC
3055,1002390437,WC
3056,1002390449,WC
3057,1002390457,WC
3058,1002390468,WC
3059,1002390478,WC
3060,1002390488,WC
3061,1002380319,WC
3062,1002380323,WC
3063,1002380330,WC
3064,1002380331,WC
3065,1002380336,WC
3066,1002380337,WC
3067,1002390592,WC
3068,1002390599,WC
3069,1002390613,WC
3070,1002380358,WC
3071,1002380365,WC
3072,1002380366,WC
3073,1002380372,WC
3074,1002380375,WC
3075,1002390678,WC
3076,1002380411,WC
3077,1002380417,WC
3078,1002380421,WC
3079,1002380428,WC
3080,1002380436,WC
3081,1002380443,WC
3082,1002390761,WC
3083,1002380472,WC
3084,1002380481,WC
3085,1002380485,WC
3086,1002380496,WC
3087,1002380500,WC
3088,1002290025,WC
3089,1002290033,WC
3090,1002290034,WC
3091,1002300059,WC
3092,1002300075,WC
3093,1002300076,WC
3094,1002300078,WC
3095,1002300079,WC
3096,1002300088,WC
3097,1002300094,WC
3098,1002300096,WC
3099,1002300097,WC
3100,1002300111,WC
3101,1002300123,WC
3102,1002300125,WC
3103,1002300127,WC
3104,1002300130,WC
3105,1002410083,WC
3106,1002410086,WC
3107,1002410088,WC
3108,1002410090,WC
3109,1002410092,WC
3110,1002410104,WC
3111,1002410111,WC
3112,1002410112,WC
3113,1002410113,WC
3114,1002320090,WC
3115,1002320097,WC
3116,1002320098,WC
